{
  "continents": {
    "Europe": [
      "Germany",
      "France",
      "Italy",
      "Spain",
      "United Kingdom",
      "Poland",
      "Romania",
      "Netherlands",
      "Belgium",
      "Greece",
      "Czech Republic",
      "Portugal",
      "Sweden",
      "Hungary",
      "Austria",
      "Switzerland",
      "Bulgaria",
      "Denmark",
      "Finland",
      "Slovakia",
      "Norway",
      "Ireland",
      "Croatia",
      "Moldova",
      "Bosnia and Herzegovina",
      "Albania",
      "Lithuania",
      "Slovenia",
      "Latvia",
      "Estonia",
      "Montenegro",
      "Luxembourg",
      "Malta",
      "Iceland"
    ],
    "Asia": [
      "China",
      "India",
      "Indonesia",
      "Pakistan",
      "Bangladesh",
      "Japan",
      "Philippines",
      "Vietnam",
      "Turkey",
      "Iran",
      "Thailand",
      "Myanmar",
      "South Korea",
      "Iraq",
      "Afghanistan",
      "Saudi Arabia",
      "Uzbekistan",
      "Yemen",
      "Nepal",
      "Malaysia",
      "Azerbaijan",
      "North Korea",
      "Sri Lanka",
      "Kazakhstan",
      "Syria",
      "Cambodia",
      "Jordan",
      "United Arab Emirates",
      "Tajikistan",
      "Israel",
      "Laos",
      "Lebanon",
      "Kyrgyzstan",
      "Turkmenistan",
      "Singapore",
      "Oman",
      "Palestine",
      "Kuwait",
      "Georgia",
      "Mongolia",
      "Armenia",
      "Qatar",
      "Bahrain",
      "Timor-Leste",
      "Cyprus",
      "Bhutan",
      "Maldives",
      "Brunei"
    ],
    "Africa": [
      "Nigeria",
      "Ethiopia",
      "Egypt",
      "Congo",
      "South Africa",
      "Tanzania",
      "Kenya",
      "Uganda",
      "Algeria",
      "Sudan",
      "Morocco",
      "Angola",
      "Ghana",
      "Mozambique",
      "Ivory Coast",
      "Madagascar",
      "Cameroon",
      "Niger",
      "Burkina Faso",
      "Mali",
      "Malawi",
      "Zambia",
      "Senegal",
      "Chad",
      "Somalia",
      "Zimbabwe",
      "Guinea",
      "Rwanda",
      "Benin",
      "Burundi",
      "Tunisia",
      "South Sudan",
      "Togo",
      "Sierra Leone",
      "Libya",
      "Republic of the Congo",
      "Liberia",
      "Central African Republic",
      "Mauritania",
      "Eritrea",
      "Namibia",
      "Gambia",
      "Botswana",
      "Gabon",
      "Lesotho",
      "Guinea-Bissau",
      "Equatorial Guinea",
      "Mauritius",
      "Eswatini",
      "Djibouti",
      "Comoros",
      "Cape Verde",
      "Sao Tome and Principe",
      "Seychelles"
    ],
    "North America": [
      "United States",
      "Mexico",
      "Canada",
      "Guatemala",
      "Cuba",
      "Haiti",
      "Dominican Republic",
      "Honduras",
      "Nicaragua",
      "El Salvador",
      "Costa Rica",
      "Panama",
      "Jamaica",
      "Trinidad and Tobago",
      "Bahamas",
      "Belize",
      "Barbados",
      "Saint Lucia",
      "Grenada",
      "Saint Vincent and the Grenadines",
      "Antigua and Barbuda",
      "Dominica",
      "Saint Kitts and Nevis"
    ],
    "South America": [
      "Brazil",
      "Colombia",
      "Argentina",
      "Peru",
      "Venezuela",
      "Chile",
      "Ecuador",
      "Bolivia",
      "Paraguay",
      "Uruguay",
      "Guyana",
      "Suriname",
      "French Guiana"
    ],
    "Australia": [
      "Australia",
      "Papua New Guinea",
      "New Zealand",
      "Fiji",
      "Solomon Islands",
      "Vanuatu",
      "New Caledonia",
      "French Polynesia",
      "Samoa",
      "Tonga"
    ]
  }
}
